user_id,signup_date,device,country,acquisition_channel
U0001,2025-02-21,Web,Canada,Organic
U0002,2025-01-15,iOS,US,Ads
U0003,2025-03-13,iOS,UK,Organic
U0004,2025-03-02,Android,Canada,Organic
U0005,2025-01-21,Android,UK,Ads
U0006,2025-03-24,Web,UK,Ads
U0007,2025-03-28,iOS,US,Organic
U0008,2025-03-16,iOS,Canada,Ads
U0009,2025-03-16,iOS,UK,Ads
U0010,2025-03-29,Web,UK,Ads
U0011,2025-01-24,Web,Canada,Referral
U0012,2025-01-03,Android,UK,Organic
U0013,2025-01-22,Android,UK,Referral
U0014,2025-02-22,Android,Canada,Ads
U0015,2025-01-02,iOS,Canada,Referral
U0016,2025-03-29,iOS,Canada,Ads
U0017,2025-01-30,Android,Canada,Referral
U0018,2025-02-07,iOS,US,Ads
U0019,2025-01-02,Android,Canada,Referral
U0020,2025-03-05,Web,US,Referral
U0021,2025-03-01,Android,US,Referral
U0022,2025-01-21,Web,US,Organic
U0023,2025-02-02,iOS,UK,Referral
U0024,2025-03-17,Android,US,Organic
U0025,2025-02-27,iOS,US,Ads
U0026,2025-01-22,Web,UK,Referral
U0027,2025-03-30,Web,UK,Ads
U0028,2025-02-18,Web,UK,Ads
U0029,2025-02-28,iOS,Canada,Referral
U0030,2025-02-11,iOS,UK,Organic
U0031,2025-03-01,iOS,UK,Referral
U0032,2025-03-21,iOS,US,Ads
U0033,2025-01-15,Web,UK,Ads
U0034,2025-03-03,Web,Canada,Referral
U0035,2025-03-03,Android,UK,Organic
U0036,2025-02-16,Android,Canada,Organic
U0037,2025-03-03,iOS,UK,Ads
U0038,2025-02-20,Web,UK,Ads
U0039,2025-02-24,Web,UK,Organic
U0040,2025-03-05,Web,UK,Referral
U0041,2025-01-03,Android,Canada,Ads
U0042,2025-02-20,Android,Canada,Organic
U0043,2025-01-07,Web,US,Ads
U0044,2025-01-21,Web,Canada,Referral
U0045,2025-03-14,Web,UK,Organic
U0046,2025-02-08,Android,US,Ads
U0047,2025-01-18,Web,US,Referral
U0048,2025-01-04,Web,US,Ads
U0049,2025-03-30,iOS,UK,Referral
U0050,2025-03-01,iOS,Canada,Referral
U0051,2025-01-14,Android,UK,Organic
U0052,2025-01-09,Web,US,Referral
U0053,2025-03-31,Web,UK,Ads
U0054,2025-02-22,iOS,UK,Referral
U0055,2025-01-02,Android,Canada,Referral
U0056,2025-03-25,iOS,Canada,Organic
U0057,2025-03-01,iOS,US,Referral
U0058,2025-03-12,iOS,UK,Referral
U0059,2025-02-13,iOS,UK,Ads
U0060,2025-01-08,Web,Canada,Organic
U0061,2025-02-16,Web,UK,Organic
U0062,2025-02-04,iOS,UK,Organic
U0063,2025-03-19,Android,UK,Referral
U0064,2025-03-22,Android,Canada,Organic
U0065,2025-02-05,Android,US,Referral
U0066,2025-02-19,Android,US,Referral
U0067,2025-01-04,iOS,UK,Ads
U0068,2025-01-02,Web,US,Ads
U0069,2025-01-06,Android,Canada,Ads
U0070,2025-02-23,iOS,Canada,Ads
U0071,2025-01-04,Android,US,Ads
U0072,2025-02-23,Android,US,Referral
U0073,2025-03-04,iOS,UK,Referral
U0074,2025-01-18,Web,US,Organic
U0075,2025-03-31,Web,UK,Referral
U0076,2025-02-13,iOS,UK,Referral
U0077,2025-02-03,Web,Canada,Ads
U0078,2025-03-15,iOS,Canada,Referral
U0079,2025-03-03,iOS,Canada,Ads
U0080,2025-01-14,iOS,Canada,Organic
U0081,2025-02-17,Web,US,Organic
U0082,2025-01-15,iOS,Canada,Referral
U0083,2025-03-13,Android,US,Organic
U0084,2025-03-19,Web,Canada,Referral
U0085,2025-03-28,Web,US,Organic
U0086,2025-03-03,Web,UK,Ads
U0087,2025-02-09,Web,US,Ads
U0088,2025-03-26,Android,US,Ads
U0089,2025-03-21,Web,Canada,Ads
U0090,2025-03-23,Web,US,Referral
U0091,2025-02-22,iOS,UK,Organic
U0092,2025-01-24,Web,UK,Referral
U0093,2025-01-26,Android,Canada,Ads
U0094,2025-03-30,Android,UK,Referral
U0095,2025-03-01,Android,US,Organic
U0096,2025-02-10,Android,UK,Referral
U0097,2025-01-29,Web,Canada,Organic
U0098,2025-01-15,Web,US,Referral
U0099,2025-02-14,Android,Canada,Organic
U0100,2025-03-06,Android,US,Organic
U0101,2025-03-30,Web,UK,Ads
U0102,2025-03-12,Android,Canada,Organic
U0103,2025-01-09,iOS,Canada,Ads
U0104,2025-03-29,Android,US,Ads
U0105,2025-01-01,Android,Canada,Ads
U0106,2025-01-08,iOS,US,Referral
U0107,2025-03-29,iOS,US,Referral
U0108,2025-03-04,Web,US,Referral
U0109,2025-01-11,Web,US,Referral
U0110,2025-03-22,iOS,UK,Organic
U0111,2025-01-08,iOS,US,Organic
U0112,2025-02-04,Web,Canada,Referral
U0113,2025-02-04,Android,UK,Organic
U0114,2025-02-02,iOS,Canada,Organic
U0115,2025-01-05,Web,UK,Ads
U0116,2025-02-10,Android,US,Ads
U0117,2025-01-28,iOS,UK,Ads
U0118,2025-01-07,Android,UK,Ads
U0119,2025-03-14,Web,Canada,Organic
U0120,2025-03-13,iOS,Canada,Referral
U0121,2025-01-12,Android,US,Organic
U0122,2025-02-03,iOS,UK,Organic
U0123,2025-02-02,Android,UK,Organic
U0124,2025-02-17,Web,UK,Ads
U0125,2025-01-23,Web,US,Ads
U0126,2025-03-03,iOS,US,Ads
U0127,2025-03-29,Android,US,Referral
U0128,2025-02-06,iOS,US,Organic
U0129,2025-02-13,iOS,US,Referral
U0130,2025-03-27,Android,Canada,Ads
U0131,2025-02-04,Android,UK,Referral
U0132,2025-03-06,Android,UK,Organic
U0133,2025-02-16,Web,UK,Organic
U0134,2025-03-19,iOS,UK,Ads
U0135,2025-01-03,iOS,UK,Ads
U0136,2025-01-01,Web,UK,Referral
U0137,2025-01-05,Android,UK,Ads
U0138,2025-03-31,Web,UK,Ads
U0139,2025-01-14,Web,Canada,Organic
U0140,2025-01-27,Web,UK,Ads
U0141,2025-01-09,iOS,Canada,Ads
U0142,2025-03-20,Web,US,Organic
U0143,2025-01-15,iOS,UK,Organic
U0144,2025-03-31,iOS,US,Referral
U0145,2025-02-11,iOS,US,Ads
U0146,2025-03-18,Android,US,Organic
U0147,2025-02-20,iOS,Canada,Referral
U0148,2025-03-04,iOS,US,Referral
U0149,2025-02-21,Android,US,Ads
U0150,2025-01-04,iOS,US,Ads
U0151,2025-01-23,Web,UK,Referral
U0152,2025-01-15,Web,UK,Organic
U0153,2025-02-12,iOS,Canada,Referral
U0154,2025-01-29,Android,Canada,Ads
U0155,2025-02-05,Web,UK,Organic
U0156,2025-01-13,Android,Canada,Organic
U0157,2025-02-01,Android,UK,Referral
U0158,2025-03-12,Web,US,Ads
U0159,2025-02-28,Android,US,Referral
U0160,2025-03-27,Web,Canada,Referral
U0161,2025-01-28,Android,UK,Referral
U0162,2025-03-07,Web,UK,Organic
U0163,2025-02-11,iOS,Canada,Organic
U0164,2025-02-14,Web,UK,Ads
U0165,2025-03-03,Web,US,Ads
U0166,2025-02-26,Web,Canada,Referral
U0167,2025-01-06,Web,Canada,Referral
U0168,2025-01-28,Android,UK,Referral
U0169,2025-01-28,iOS,Canada,Ads
U0170,2025-02-13,Web,UK,Organic
U0171,2025-03-25,Android,UK,Organic
U0172,2025-01-30,iOS,UK,Referral
U0173,2025-03-03,iOS,UK,Referral
U0174,2025-03-16,iOS,UK,Referral
U0175,2025-03-30,iOS,Canada,Referral
U0176,2025-03-03,Web,US,Ads
U0177,2025-01-01,Web,US,Organic
U0178,2025-01-27,Android,Canada,Referral
U0179,2025-03-03,Android,Canada,Ads
U0180,2025-03-18,Android,US,Referral
U0181,2025-01-03,iOS,US,Referral
U0182,2025-03-11,iOS,US,Organic
U0183,2025-03-13,Web,US,Referral
U0184,2025-01-27,iOS,US,Organic
U0185,2025-01-09,iOS,UK,Organic
U0186,2025-03-03,iOS,Canada,Organic
U0187,2025-02-06,Android,UK,Ads
U0188,2025-02-20,Android,US,Ads
U0189,2025-02-13,Web,US,Organic
U0190,2025-01-24,iOS,US,Referral
U0191,2025-03-20,iOS,UK,Organic
U0192,2025-02-28,Web,UK,Referral
U0193,2025-02-01,iOS,US,Organic
U0194,2025-03-29,iOS,UK,Referral
U0195,2025-02-21,Android,UK,Ads
U0196,2025-03-03,Web,US,Referral
U0197,2025-02-27,Web,UK,Organic
U0198,2025-02-21,Web,Canada,Ads
U0199,2025-01-12,Web,Canada,Referral
U0200,2025-02-08,Android,Canada,Referral
U0201,2025-01-02,Android,Canada,Referral
U0202,2025-01-03,iOS,US,Referral
U0203,2025-02-25,iOS,US,Referral
U0204,2025-03-22,iOS,US,Ads
U0205,2025-02-28,iOS,Canada,Ads
U0206,2025-01-02,Android,Canada,Ads
U0207,2025-01-02,Web,UK,Ads
U0208,2025-02-23,Android,UK,Organic
U0209,2025-03-28,iOS,Canada,Ads
U0210,2025-01-01,Android,Canada,Referral
U0211,2025-01-19,Web,Canada,Referral
U0212,2025-01-02,Web,Canada,Ads
U0213,2025-02-22,Android,UK,Referral
U0214,2025-02-13,Android,Canada,Ads
U0215,2025-03-31,Android,UK,Referral
U0216,2025-02-01,iOS,Canada,Organic
U0217,2025-03-11,Android,Canada,Organic
U0218,2025-02-01,Android,Canada,Ads
U0219,2025-03-09,Android,UK,Ads
U0220,2025-02-24,Web,UK,Ads
U0221,2025-03-16,Web,US,Referral
U0222,2025-02-25,iOS,Canada,Ads
U0223,2025-01-17,iOS,US,Organic
U0224,2025-02-07,Web,US,Referral
U0225,2025-01-24,Web,UK,Ads
U0226,2025-03-10,Web,UK,Referral
U0227,2025-03-11,Android,US,Referral
U0228,2025-03-27,Android,Canada,Ads
U0229,2025-01-11,Web,UK,Referral
U0230,2025-01-16,Android,Canada,Organic
U0231,2025-03-14,Android,Canada,Organic
U0232,2025-02-28,iOS,US,Referral
U0233,2025-03-11,Web,US,Ads
U0234,2025-03-21,Web,US,Referral
U0235,2025-01-03,Android,US,Organic
U0236,2025-01-20,Web,UK,Referral
U0237,2025-02-28,iOS,UK,Referral
U0238,2025-02-05,iOS,US,Organic
U0239,2025-01-19,iOS,UK,Referral
U0240,2025-03-31,Web,US,Referral
U0241,2025-03-08,Web,Canada,Ads
U0242,2025-01-19,Web,Canada,Ads
U0243,2025-01-20,Web,Canada,Organic
U0244,2025-03-12,Web,US,Organic
U0245,2025-02-21,iOS,Canada,Organic
U0246,2025-02-02,Android,UK,Ads
U0247,2025-02-09,iOS,Canada,Organic
U0248,2025-02-08,Web,Canada,Organic
U0249,2025-03-23,iOS,Canada,Organic
U0250,2025-01-01,Web,UK,Ads
U0251,2025-01-11,Web,US,Referral
U0252,2025-02-26,iOS,UK,Organic
U0253,2025-03-30,Web,US,Referral
U0254,2025-02-19,Android,US,Organic
U0255,2025-01-23,Web,Canada,Referral
U0256,2025-01-31,Android,US,Ads
U0257,2025-02-11,Android,UK,Ads
U0258,2025-01-07,Web,UK,Organic
U0259,2025-01-16,iOS,US,Referral
U0260,2025-03-31,Android,Canada,Ads
U0261,2025-03-01,iOS,Canada,Organic
U0262,2025-01-02,Android,UK,Organic
U0263,2025-01-01,Web,Canada,Ads
U0264,2025-02-17,Web,US,Ads
U0265,2025-01-12,Android,US,Organic
U0266,2025-03-10,Web,UK,Referral
U0267,2025-02-06,Android,US,Referral
U0268,2025-02-01,Web,UK,Referral
U0269,2025-01-09,iOS,US,Organic
U0270,2025-01-19,Web,UK,Ads
U0271,2025-02-17,iOS,Canada,Organic
U0272,2025-03-21,Web,US,Ads
U0273,2025-01-03,iOS,US,Referral
U0274,2025-01-20,Web,UK,Referral
U0275,2025-01-24,iOS,UK,Ads
U0276,2025-02-23,Android,US,Ads
U0277,2025-02-02,Android,UK,Organic
U0278,2025-01-24,iOS,US,Referral
U0279,2025-03-16,Web,Canada,Organic
U0280,2025-03-13,iOS,UK,Organic
U0281,2025-02-05,Web,US,Organic
U0282,2025-02-07,Android,Canada,Referral
U0283,2025-03-25,Web,Canada,Organic
U0284,2025-03-30,Android,US,Organic
U0285,2025-01-25,Web,UK,Organic
U0286,2025-01-18,Web,US,Organic
U0287,2025-03-23,Web,Canada,Organic
U0288,2025-03-07,iOS,US,Organic
U0289,2025-02-23,iOS,UK,Referral
U0290,2025-02-04,Android,Canada,Organic
U0291,2025-03-21,Android,US,Ads
U0292,2025-03-02,iOS,UK,Organic
U0293,2025-02-10,Android,Canada,Organic
U0294,2025-02-02,iOS,UK,Referral
U0295,2025-03-09,Web,Canada,Referral
U0296,2025-02-02,Android,US,Ads
U0297,2025-01-14,Android,UK,Ads
U0298,2025-01-21,iOS,Canada,Referral
U0299,2025-02-17,Android,UK,Referral
U0300,2025-01-20,Android,UK,Organic
U0301,2025-01-08,Web,US,Referral
U0302,2025-01-07,Android,UK,Ads
U0303,2025-03-08,Web,Canada,Organic
U0304,2025-01-17,iOS,Canada,Ads
U0305,2025-02-02,Android,Canada,Organic
U0306,2025-02-17,Web,Canada,Referral
U0307,2025-03-17,iOS,US,Ads
U0308,2025-02-28,Android,UK,Organic
U0309,2025-03-27,iOS,US,Organic
U0310,2025-01-22,Android,UK,Referral
U0311,2025-01-30,iOS,UK,Referral
U0312,2025-02-07,iOS,UK,Referral
U0313,2025-02-20,Web,US,Ads
U0314,2025-02-23,iOS,UK,Organic
U0315,2025-01-08,Android,US,Referral
U0316,2025-01-27,Android,Canada,Ads
U0317,2025-01-27,Web,Canada,Ads
U0318,2025-01-21,Android,UK,Ads
U0319,2025-01-30,Android,US,Referral
U0320,2025-01-28,Android,Canada,Referral
U0321,2025-03-05,iOS,US,Organic
U0322,2025-03-10,iOS,US,Organic
U0323,2025-03-02,Android,UK,Referral
U0324,2025-02-17,Web,Canada,Ads
U0325,2025-01-19,iOS,UK,Ads
U0326,2025-01-04,Web,UK,Ads
U0327,2025-02-04,Android,Canada,Organic
U0328,2025-03-05,Android,Canada,Ads
U0329,2025-02-18,iOS,US,Organic
U0330,2025-01-17,Android,Canada,Organic
U0331,2025-02-13,iOS,US,Ads
U0332,2025-01-30,Android,US,Ads
U0333,2025-02-15,Android,US,Referral
U0334,2025-01-06,iOS,Canada,Referral
U0335,2025-02-06,iOS,UK,Ads
U0336,2025-01-24,iOS,US,Organic
U0337,2025-02-15,Android,UK,Organic
U0338,2025-02-22,Android,UK,Organic
U0339,2025-03-01,Web,Canada,Organic
U0340,2025-03-04,iOS,UK,Organic
U0341,2025-03-26,Android,UK,Referral
U0342,2025-02-01,Android,Canada,Ads
U0343,2025-03-28,iOS,US,Referral
U0344,2025-02-02,Web,UK,Organic
U0345,2025-03-08,iOS,Canada,Organic
U0346,2025-01-18,Web,UK,Organic
U0347,2025-01-25,Android,UK,Organic
U0348,2025-02-23,Web,US,Ads
U0349,2025-02-27,Android,UK,Organic
U0350,2025-03-08,iOS,Canada,Ads
U0351,2025-02-15,iOS,UK,Organic
U0352,2025-01-24,iOS,US,Ads
U0353,2025-02-01,Web,US,Referral
U0354,2025-02-16,Android,Canada,Organic
U0355,2025-03-27,iOS,US,Ads
U0356,2025-01-23,iOS,UK,Referral
U0357,2025-03-07,Android,US,Organic
U0358,2025-01-27,iOS,Canada,Organic
U0359,2025-01-02,Android,US,Organic
U0360,2025-03-31,Android,US,Ads
U0361,2025-01-17,Android,US,Ads
U0362,2025-02-02,Android,Canada,Referral
U0363,2025-01-09,Android,US,Ads
U0364,2025-02-12,Web,US,Ads
U0365,2025-02-17,iOS,UK,Organic
U0366,2025-02-08,Web,Canada,Organic
U0367,2025-02-11,iOS,US,Organic
U0368,2025-01-26,Web,Canada,Organic
U0369,2025-02-19,Android,US,Organic
U0370,2025-01-25,iOS,US,Organic
U0371,2025-01-24,iOS,US,Organic
U0372,2025-01-13,Web,UK,Referral
U0373,2025-03-01,Web,UK,Referral
U0374,2025-01-07,iOS,UK,Referral
U0375,2025-02-26,Web,Canada,Referral
U0376,2025-02-05,Web,Canada,Organic
U0377,2025-02-14,Web,UK,Referral
U0378,2025-01-20,Android,Canada,Organic
U0379,2025-03-06,Android,US,Referral
U0380,2025-01-08,Web,US,Ads
U0381,2025-01-16,Web,US,Referral
U0382,2025-01-14,Android,UK,Referral
U0383,2025-03-17,Android,Canada,Organic
U0384,2025-03-28,iOS,UK,Referral
U0385,2025-01-15,iOS,Canada,Ads
U0386,2025-03-07,Android,US,Organic
U0387,2025-02-01,Web,UK,Organic
U0388,2025-03-28,Web,Canada,Referral
U0389,2025-03-04,Web,Canada,Organic
U0390,2025-03-27,Web,US,Organic
U0391,2025-02-20,iOS,UK,Organic
U0392,2025-01-25,Android,UK,Organic
U0393,2025-02-27,Web,UK,Organic
U0394,2025-03-04,iOS,US,Organic
U0395,2025-03-03,Web,UK,Ads
U0396,2025-01-22,Android,US,Referral
U0397,2025-02-27,iOS,US,Ads
U0398,2025-02-27,Android,US,Organic
U0399,2025-03-27,Android,Canada,Organic
U0400,2025-02-18,iOS,UK,Referral
U0401,2025-02-21,iOS,UK,Ads
U0402,2025-02-11,iOS,US,Referral
U0403,2025-03-11,iOS,US,Ads
U0404,2025-01-15,iOS,UK,Organic
U0405,2025-02-23,iOS,US,Referral
U0406,2025-03-01,iOS,UK,Referral
U0407,2025-01-08,Web,Canada,Organic
U0408,2025-02-22,Android,US,Referral
U0409,2025-03-01,iOS,UK,Ads
U0410,2025-01-05,Web,US,Ads
U0411,2025-03-09,Web,UK,Ads
U0412,2025-01-06,Web,UK,Ads
U0413,2025-02-16,Android,US,Organic
U0414,2025-02-24,iOS,Canada,Referral
U0415,2025-02-09,Web,UK,Ads
U0416,2025-02-21,Android,UK,Organic
U0417,2025-01-16,Android,UK,Referral
U0418,2025-01-13,Android,Canada,Referral
U0419,2025-01-30,Web,Canada,Organic
U0420,2025-01-19,iOS,US,Organic
U0421,2025-01-17,Web,Canada,Ads
U0422,2025-03-04,Web,US,Referral
U0423,2025-01-19,iOS,US,Referral
U0424,2025-02-27,iOS,Canada,Organic
U0425,2025-02-24,iOS,US,Referral
U0426,2025-03-31,Android,Canada,Ads
U0427,2025-03-31,iOS,US,Referral
U0428,2025-03-03,Web,Canada,Organic
U0429,2025-01-23,iOS,Canada,Organic
U0430,2025-01-09,Web,US,Ads
U0431,2025-01-12,Android,UK,Ads
U0432,2025-01-01,Web,US,Referral
U0433,2025-02-27,Web,Canada,Referral
U0434,2025-01-01,iOS,UK,Organic
U0435,2025-02-03,iOS,US,Ads
U0436,2025-02-17,Web,US,Ads
U0437,2025-03-30,iOS,US,Ads
U0438,2025-01-01,Android,UK,Referral
U0439,2025-01-16,Android,Canada,Ads
U0440,2025-03-02,iOS,US,Organic
U0441,2025-03-05,Android,US,Organic
U0442,2025-03-04,iOS,US,Referral
U0443,2025-03-10,Web,US,Referral
U0444,2025-01-22,Web,US,Ads
U0445,2025-03-08,Android,Canada,Referral
U0446,2025-03-17,iOS,Canada,Organic
U0447,2025-01-26,iOS,US,Ads
U0448,2025-01-16,Android,UK,Organic
U0449,2025-02-20,Web,Canada,Ads
U0450,2025-03-27,Android,UK,Referral
U0451,2025-02-26,Web,Canada,Ads
U0452,2025-01-29,iOS,US,Ads
U0453,2025-03-19,Web,Canada,Organic
U0454,2025-03-10,Android,US,Organic
U0455,2025-02-16,iOS,Canada,Ads
U0456,2025-03-03,Android,US,Referral
U0457,2025-03-10,Android,US,Referral
U0458,2025-03-17,Web,US,Organic
U0459,2025-01-16,Android,US,Referral
U0460,2025-03-31,Web,UK,Organic
U0461,2025-03-31,iOS,US,Referral
U0462,2025-02-17,Web,UK,Ads
U0463,2025-03-26,iOS,UK,Organic
U0464,2025-02-08,Web,US,Organic
U0465,2025-02-02,Android,UK,Ads
U0466,2025-01-23,Web,Canada,Organic
U0467,2025-01-10,Web,US,Referral
U0468,2025-03-10,iOS,UK,Referral
U0469,2025-02-03,Android,US,Organic
U0470,2025-02-21,Web,US,Referral
U0471,2025-01-10,Android,US,Organic
U0472,2025-01-19,Web,UK,Ads
U0473,2025-02-27,Web,Canada,Organic
U0474,2025-01-01,Android,Canada,Ads
U0475,2025-03-10,Web,UK,Referral
U0476,2025-01-04,Android,US,Ads
U0477,2025-01-16,Web,UK,Referral
U0478,2025-01-24,iOS,UK,Organic
U0479,2025-03-21,Android,UK,Referral
U0480,2025-01-02,Web,US,Organic
U0481,2025-02-01,Web,UK,Organic
U0482,2025-03-25,iOS,US,Ads
U0483,2025-01-24,Android,UK,Ads
U0484,2025-01-12,Web,Canada,Ads
U0485,2025-02-19,iOS,UK,Ads
U0486,2025-02-04,Web,UK,Referral
U0487,2025-02-02,Android,Canada,Referral
U0488,2025-02-02,Web,US,Referral
U0489,2025-03-02,Web,US,Organic
U0490,2025-02-20,Web,UK,Referral
U0491,2025-02-12,Web,Canada,Referral
U0492,2025-01-12,iOS,US,Referral
U0493,2025-03-08,iOS,UK,Ads
U0494,2025-03-06,Android,Canada,Referral
U0495,2025-02-02,iOS,US,Organic
U0496,2025-02-09,iOS,US,Ads
U0497,2025-03-15,Android,Canada,Organic
U0498,2025-02-12,iOS,Canada,Referral
U0499,2025-02-13,iOS,Canada,Ads
U0500,2025-01-29,Android,Canada,Organic
U0501,2025-01-13,Android,UK,Referral
U0502,2025-01-12,Android,Canada,Organic
U0503,2025-02-15,Web,US,Organic
U0504,2025-01-02,Web,US,Organic
U0505,2025-02-04,Android,UK,Referral
U0506,2025-03-28,Android,US,Referral
U0507,2025-03-22,Android,US,Organic
U0508,2025-03-31,Web,Canada,Ads
U0509,2025-01-08,Web,US,Ads
U0510,2025-01-26,iOS,UK,Referral
U0511,2025-03-15,iOS,Canada,Referral
U0512,2025-03-31,Android,Canada,Referral
U0513,2025-02-03,Web,UK,Referral
U0514,2025-01-07,Web,Canada,Referral
U0515,2025-03-09,Web,Canada,Ads
U0516,2025-02-27,Android,UK,Referral
U0517,2025-03-16,iOS,Canada,Organic
U0518,2025-01-29,Android,UK,Organic
U0519,2025-02-05,iOS,UK,Ads
U0520,2025-03-30,iOS,US,Organic
U0521,2025-01-21,Android,US,Ads
U0522,2025-02-05,iOS,Canada,Ads
U0523,2025-01-10,iOS,Canada,Organic
U0524,2025-03-14,Web,UK,Referral
U0525,2025-01-24,iOS,Canada,Organic
U0526,2025-03-05,Android,UK,Organic
U0527,2025-02-18,Android,UK,Ads
U0528,2025-02-05,iOS,Canada,Organic
U0529,2025-03-23,Web,UK,Ads
U0530,2025-01-24,Web,US,Referral
U0531,2025-01-23,iOS,Canada,Referral
U0532,2025-03-03,iOS,US,Referral
U0533,2025-02-06,Android,Canada,Organic
U0534,2025-01-12,iOS,UK,Ads
U0535,2025-02-24,Web,Canada,Referral
U0536,2025-01-13,iOS,US,Ads
U0537,2025-01-23,Android,UK,Ads
U0538,2025-03-30,Android,Canada,Referral
U0539,2025-01-30,Android,Canada,Referral
U0540,2025-01-17,Android,Canada,Ads
U0541,2025-03-03,Android,US,Referral
U0542,2025-03-25,iOS,US,Ads
U0543,2025-03-30,iOS,Canada,Ads
U0544,2025-03-27,iOS,UK,Referral
U0545,2025-01-13,iOS,UK,Organic
U0546,2025-02-28,Android,US,Referral
U0547,2025-01-19,Web,UK,Organic
U0548,2025-02-18,iOS,US,Ads
U0549,2025-01-12,Web,Canada,Ads
U0550,2025-03-02,iOS,US,Organic
U0551,2025-01-19,iOS,US,Ads
U0552,2025-03-17,Web,Canada,Organic
U0553,2025-01-09,Android,UK,Organic
U0554,2025-03-12,iOS,US,Ads
U0555,2025-01-28,iOS,US,Organic
U0556,2025-03-19,iOS,Canada,Referral
U0557,2025-02-21,Web,UK,Referral
U0558,2025-03-24,Android,US,Ads
U0559,2025-01-16,Web,Canada,Ads
U0560,2025-03-10,Web,US,Organic
U0561,2025-01-12,Android,Canada,Organic
U0562,2025-01-25,Web,UK,Organic
U0563,2025-02-21,Android,UK,Organic
U0564,2025-03-26,iOS,UK,Referral
U0565,2025-02-22,Android,UK,Referral
U0566,2025-01-23,iOS,US,Ads
U0567,2025-01-16,Web,US,Organic
U0568,2025-02-26,Web,UK,Organic
U0569,2025-02-08,iOS,UK,Ads
U0570,2025-02-22,Web,UK,Organic
U0571,2025-02-11,Android,US,Organic
U0572,2025-02-27,iOS,UK,Organic
U0573,2025-02-08,Web,UK,Organic
U0574,2025-01-14,iOS,UK,Organic
U0575,2025-01-05,Android,Canada,Ads
U0576,2025-02-04,Android,UK,Organic
U0577,2025-03-28,Web,Canada,Ads
U0578,2025-03-16,Android,Canada,Organic
U0579,2025-01-18,iOS,UK,Referral
U0580,2025-03-17,Android,Canada,Referral
U0581,2025-01-09,iOS,UK,Referral
U0582,2025-03-15,iOS,US,Referral
U0583,2025-02-27,Android,US,Ads
U0584,2025-01-17,Web,US,Ads
U0585,2025-01-07,Android,US,Organic
U0586,2025-02-15,iOS,Canada,Referral
U0587,2025-01-13,iOS,UK,Ads
U0588,2025-02-09,Android,UK,Organic
U0589,2025-02-11,Web,UK,Organic
U0590,2025-01-09,Web,US,Ads
U0591,2025-02-19,iOS,US,Referral
U0592,2025-01-27,iOS,UK,Organic
U0593,2025-03-07,Web,US,Referral
U0594,2025-01-05,Android,UK,Referral
U0595,2025-01-29,iOS,UK,Referral
U0596,2025-02-06,iOS,UK,Organic
U0597,2025-02-07,Web,UK,Referral
U0598,2025-03-24,Android,UK,Organic
U0599,2025-01-08,Web,UK,Referral
U0600,2025-03-06,Android,UK,Organic
U0601,2025-03-27,Android,US,Referral
U0602,2025-01-17,Android,UK,Ads
U0603,2025-03-12,iOS,UK,Referral
U0604,2025-03-30,Web,US,Referral
U0605,2025-02-14,Web,US,Organic
U0606,2025-01-04,Android,US,Organic
U0607,2025-02-05,iOS,UK,Referral
U0608,2025-03-11,iOS,Canada,Ads
U0609,2025-01-31,Web,Canada,Ads
U0610,2025-01-19,iOS,US,Organic
U0611,2025-03-02,iOS,Canada,Ads
U0612,2025-02-23,Android,US,Referral
U0613,2025-02-08,iOS,UK,Organic
U0614,2025-03-15,Android,Canada,Referral
U0615,2025-03-31,Web,UK,Organic
U0616,2025-01-19,iOS,Canada,Organic
U0617,2025-02-08,Web,UK,Organic
U0618,2025-03-08,Web,Canada,Organic
U0619,2025-02-14,iOS,UK,Ads
U0620,2025-01-13,iOS,UK,Referral
U0621,2025-02-27,Web,Canada,Referral
U0622,2025-01-20,iOS,UK,Referral
U0623,2025-03-13,Android,UK,Organic
U0624,2025-03-02,Android,UK,Ads
U0625,2025-02-08,iOS,Canada,Referral
U0626,2025-01-01,Web,Canada,Ads
U0627,2025-01-03,iOS,UK,Organic
U0628,2025-03-18,iOS,UK,Referral
U0629,2025-03-03,Web,Canada,Ads
U0630,2025-03-04,Web,Canada,Organic
U0631,2025-01-25,Android,UK,Ads
U0632,2025-02-25,Web,UK,Referral
U0633,2025-02-02,Android,UK,Referral
U0634,2025-02-07,Web,US,Organic
U0635,2025-01-06,iOS,Canada,Organic
U0636,2025-02-27,Android,US,Organic
U0637,2025-02-13,Android,Canada,Ads
U0638,2025-02-14,Android,Canada,Ads
U0639,2025-02-01,iOS,Canada,Ads
U0640,2025-02-14,iOS,Canada,Organic
U0641,2025-03-02,iOS,Canada,Referral
U0642,2025-02-16,iOS,Canada,Referral
U0643,2025-01-21,iOS,Canada,Ads
U0644,2025-03-21,Android,US,Ads
U0645,2025-03-26,iOS,UK,Referral
U0646,2025-03-16,Android,UK,Referral
U0647,2025-02-05,iOS,US,Ads
U0648,2025-01-19,Web,US,Ads
U0649,2025-01-20,Android,US,Referral
U0650,2025-02-26,Web,US,Organic
U0651,2025-01-18,Android,Canada,Ads
U0652,2025-02-16,Web,UK,Referral
U0653,2025-02-18,iOS,Canada,Referral
U0654,2025-01-14,iOS,UK,Referral
U0655,2025-01-15,iOS,UK,Referral
U0656,2025-01-31,Android,US,Organic
U0657,2025-01-01,Web,Canada,Referral
U0658,2025-02-23,iOS,US,Ads
U0659,2025-01-03,Web,Canada,Organic
U0660,2025-01-16,Web,UK,Referral
U0661,2025-03-28,iOS,US,Organic
U0662,2025-02-26,iOS,US,Ads
U0663,2025-03-16,Web,UK,Referral
U0664,2025-01-12,iOS,UK,Ads
U0665,2025-03-15,iOS,UK,Referral
U0666,2025-01-16,iOS,US,Referral
U0667,2025-03-13,Android,Canada,Referral
U0668,2025-03-17,Web,US,Referral
U0669,2025-01-24,Web,Canada,Referral
U0670,2025-01-28,Android,US,Organic
U0671,2025-01-08,Web,US,Referral
U0672,2025-02-05,iOS,UK,Referral
U0673,2025-03-31,Web,Canada,Organic
U0674,2025-01-08,iOS,US,Organic
U0675,2025-02-27,Android,US,Organic
U0676,2025-03-01,iOS,UK,Organic
U0677,2025-02-19,Web,UK,Organic
U0678,2025-01-28,Web,Canada,Organic
U0679,2025-02-10,Web,US,Referral
U0680,2025-03-05,Android,Canada,Referral
U0681,2025-01-27,Android,US,Ads
U0682,2025-03-04,Web,Canada,Referral
U0683,2025-01-17,iOS,UK,Referral
U0684,2025-03-14,Android,US,Organic
U0685,2025-02-02,Web,Canada,Organic
U0686,2025-03-25,Web,UK,Referral
U0687,2025-03-18,Android,UK,Ads
U0688,2025-01-29,Android,Canada,Organic
U0689,2025-01-13,Android,US,Referral
U0690,2025-02-15,iOS,US,Referral
U0691,2025-02-04,iOS,UK,Ads
U0692,2025-01-06,Web,US,Ads
U0693,2025-03-23,Android,US,Organic
U0694,2025-03-10,iOS,US,Ads
U0695,2025-02-16,Android,UK,Referral
U0696,2025-01-25,Web,Canada,Referral
U0697,2025-03-07,iOS,US,Ads
U0698,2025-01-10,iOS,UK,Ads
U0699,2025-02-25,iOS,UK,Ads
U0700,2025-01-30,Web,Canada,Ads
U0701,2025-01-05,Android,US,Organic
U0702,2025-02-02,iOS,US,Ads
U0703,2025-03-06,Web,Canada,Organic
U0704,2025-01-18,Android,Canada,Referral
U0705,2025-02-18,Web,UK,Ads
U0706,2025-01-11,Android,UK,Organic
U0707,2025-03-26,Web,Canada,Ads
U0708,2025-01-26,Android,US,Referral
U0709,2025-03-04,iOS,UK,Referral
U0710,2025-03-30,Android,UK,Referral
U0711,2025-03-27,Web,US,Ads
U0712,2025-02-28,Web,UK,Ads
U0713,2025-01-27,Android,US,Organic
U0714,2025-02-18,iOS,US,Referral
U0715,2025-03-18,iOS,US,Ads
U0716,2025-02-02,Android,Canada,Referral
U0717,2025-01-01,Android,Canada,Referral
U0718,2025-01-21,Web,Canada,Organic
U0719,2025-02-24,iOS,US,Organic
U0720,2025-01-06,Android,US,Organic
U0721,2025-03-22,iOS,Canada,Organic
U0722,2025-03-10,Android,UK,Referral
U0723,2025-01-05,Android,US,Organic
U0724,2025-01-03,iOS,UK,Organic
U0725,2025-02-22,Android,UK,Organic
U0726,2025-01-23,Android,US,Organic
U0727,2025-02-22,Web,US,Referral
U0728,2025-02-06,Android,UK,Organic
U0729,2025-03-15,Android,UK,Referral
U0730,2025-03-15,Android,Canada,Ads
U0731,2025-03-24,Web,Canada,Referral
U0732,2025-01-17,iOS,US,Referral
U0733,2025-03-26,Web,Canada,Organic
U0734,2025-03-19,Web,Canada,Ads
U0735,2025-03-14,iOS,Canada,Ads
U0736,2025-01-01,Web,Canada,Ads
U0737,2025-02-20,iOS,UK,Ads
U0738,2025-02-14,Web,US,Referral
U0739,2025-03-18,iOS,Canada,Ads
U0740,2025-01-04,Android,UK,Referral
U0741,2025-03-03,Web,UK,Referral
U0742,2025-03-06,Web,UK,Referral
U0743,2025-02-01,Web,Canada,Ads
U0744,2025-02-03,Web,Canada,Organic
U0745,2025-03-13,Android,US,Organic
U0746,2025-02-08,Web,Canada,Ads
U0747,2025-01-26,Android,Canada,Organic
U0748,2025-02-03,Android,UK,Organic
U0749,2025-02-23,Android,US,Referral
U0750,2025-01-03,Android,Canada,Referral
U0751,2025-02-19,iOS,Canada,Ads
U0752,2025-01-12,iOS,UK,Ads
U0753,2025-03-06,Web,UK,Organic
U0754,2025-02-23,iOS,Canada,Referral
U0755,2025-01-05,iOS,US,Ads
U0756,2025-02-26,Web,US,Ads
U0757,2025-01-17,Web,UK,Ads
U0758,2025-02-16,Web,UK,Ads
U0759,2025-01-23,iOS,Canada,Ads
U0760,2025-03-20,iOS,UK,Ads
U0761,2025-03-26,Web,Canada,Organic
U0762,2025-01-14,Android,US,Referral
U0763,2025-03-07,Web,US,Referral
U0764,2025-03-16,Android,Canada,Ads
U0765,2025-02-20,Android,UK,Referral
U0766,2025-02-07,Web,US,Referral
U0767,2025-03-05,Web,UK,Referral
U0768,2025-02-07,Web,US,Ads
U0769,2025-02-19,iOS,Canada,Ads
U0770,2025-03-23,Android,Canada,Referral
U0771,2025-01-30,iOS,Canada,Referral
U0772,2025-03-20,iOS,US,Ads
U0773,2025-02-20,Web,UK,Organic
U0774,2025-03-04,iOS,UK,Referral
U0775,2025-02-21,Web,UK,Organic
U0776,2025-02-07,Android,US,Referral
U0777,2025-03-29,Web,US,Organic
U0778,2025-03-20,iOS,US,Organic
U0779,2025-01-30,iOS,US,Organic
U0780,2025-02-20,Web,US,Ads
U0781,2025-03-22,Web,UK,Organic
U0782,2025-01-05,iOS,US,Organic
U0783,2025-01-29,Android,US,Organic
U0784,2025-01-04,Android,UK,Referral
U0785,2025-01-10,Web,US,Organic
U0786,2025-02-25,Android,UK,Referral
U0787,2025-01-17,iOS,UK,Organic
U0788,2025-03-15,Web,Canada,Organic
U0789,2025-01-17,iOS,Canada,Ads
U0790,2025-03-25,iOS,Canada,Referral
U0791,2025-03-29,Android,Canada,Organic
U0792,2025-03-10,Web,US,Referral
U0793,2025-02-03,Web,Canada,Referral
U0794,2025-01-06,Android,UK,Ads
U0795,2025-02-22,iOS,US,Ads
U0796,2025-03-07,iOS,Canada,Ads
U0797,2025-03-18,iOS,UK,Ads
U0798,2025-02-12,iOS,US,Ads
U0799,2025-03-16,Web,US,Ads
U0800,2025-01-23,Web,Canada,Ads
U0801,2025-02-24,Android,US,Ads
U0802,2025-03-21,Android,UK,Organic
U0803,2025-03-16,Web,US,Referral
U0804,2025-01-16,Web,UK,Ads
U0805,2025-01-08,iOS,US,Ads
U0806,2025-01-04,iOS,Canada,Referral
U0807,2025-01-04,Android,UK,Organic
U0808,2025-02-25,Web,US,Referral
U0809,2025-01-25,Android,US,Referral
U0810,2025-03-08,Web,US,Ads
U0811,2025-03-08,iOS,UK,Referral
U0812,2025-01-27,Android,UK,Referral
U0813,2025-02-01,Android,UK,Ads
U0814,2025-02-19,Web,Canada,Ads
U0815,2025-03-02,iOS,Canada,Ads
U0816,2025-02-20,Android,UK,Ads
U0817,2025-01-19,iOS,US,Referral
U0818,2025-01-21,Android,Canada,Referral
U0819,2025-01-05,iOS,UK,Organic
U0820,2025-03-23,Web,US,Organic
U0821,2025-02-11,Android,Canada,Referral
U0822,2025-03-02,Android,US,Organic
U0823,2025-01-22,iOS,US,Referral
U0824,2025-01-21,iOS,US,Organic
U0825,2025-03-11,Android,US,Ads
U0826,2025-01-01,Web,Canada,Organic
U0827,2025-01-05,iOS,Canada,Ads
U0828,2025-01-12,iOS,Canada,Ads
U0829,2025-03-31,iOS,UK,Ads
U0830,2025-02-15,Android,Canada,Ads
U0831,2025-02-03,Android,US,Organic
U0832,2025-02-18,Android,Canada,Referral
U0833,2025-03-19,Android,US,Ads
U0834,2025-03-31,Web,UK,Organic
U0835,2025-02-14,Web,US,Ads
U0836,2025-01-27,Android,US,Organic
U0837,2025-03-14,Web,US,Organic
U0838,2025-01-26,iOS,UK,Organic
U0839,2025-02-16,iOS,Canada,Referral
U0840,2025-03-27,iOS,Canada,Organic
U0841,2025-02-25,Android,UK,Organic
U0842,2025-03-04,iOS,US,Referral
U0843,2025-02-17,Web,Canada,Referral
U0844,2025-03-02,Android,UK,Organic
U0845,2025-03-22,Web,Canada,Referral
U0846,2025-01-26,iOS,UK,Ads
U0847,2025-02-05,iOS,US,Ads
U0848,2025-01-01,iOS,Canada,Referral
U0849,2025-01-08,Android,UK,Referral
U0850,2025-02-21,Web,Canada,Organic
U0851,2025-03-20,Android,Canada,Referral
U0852,2025-02-16,Android,Canada,Organic
U0853,2025-02-25,iOS,Canada,Ads
U0854,2025-03-27,Android,UK,Referral
U0855,2025-01-14,Android,US,Organic
U0856,2025-03-31,iOS,UK,Organic
U0857,2025-01-28,Android,UK,Ads
U0858,2025-03-28,iOS,UK,Referral
U0859,2025-03-19,iOS,US,Ads
U0860,2025-03-29,iOS,Canada,Organic
U0861,2025-01-02,iOS,Canada,Organic
U0862,2025-01-26,Android,Canada,Referral
U0863,2025-01-14,iOS,US,Organic
U0864,2025-02-28,iOS,Canada,Referral
U0865,2025-02-25,Android,US,Ads
U0866,2025-01-07,Android,Canada,Referral
U0867,2025-01-03,Web,Canada,Referral
U0868,2025-01-23,Android,UK,Organic
U0869,2025-01-18,Android,US,Organic
U0870,2025-02-07,Web,UK,Referral
U0871,2025-01-15,Android,UK,Organic
U0872,2025-03-05,Android,UK,Organic
U0873,2025-03-30,Android,US,Organic
U0874,2025-01-28,Android,US,Referral
U0875,2025-03-15,Web,Canada,Organic
U0876,2025-02-08,Android,UK,Referral
U0877,2025-02-26,Android,Canada,Organic
U0878,2025-01-17,Web,UK,Ads
U0879,2025-03-27,iOS,US,Organic
U0880,2025-03-31,Web,US,Organic
U0881,2025-02-13,iOS,US,Referral
U0882,2025-01-25,Web,UK,Referral
U0883,2025-01-17,Web,US,Organic
U0884,2025-01-13,Android,UK,Ads
U0885,2025-03-25,iOS,Canada,Organic
U0886,2025-01-25,Android,UK,Organic
U0887,2025-03-09,iOS,Canada,Ads
U0888,2025-01-10,Web,UK,Referral
U0889,2025-03-08,Web,Canada,Organic
U0890,2025-01-18,iOS,US,Referral
U0891,2025-03-27,Android,Canada,Referral
U0892,2025-02-03,Android,US,Ads
U0893,2025-01-08,Android,US,Ads
U0894,2025-02-09,Android,Canada,Referral
U0895,2025-03-24,Web,UK,Organic
U0896,2025-02-11,Web,UK,Referral
U0897,2025-02-10,Web,UK,Organic
U0898,2025-01-06,Web,UK,Organic
U0899,2025-02-21,Web,UK,Ads
U0900,2025-01-26,Android,US,Organic
U0901,2025-03-05,Android,UK,Organic
U0902,2025-02-28,Android,US,Referral
U0903,2025-02-25,Android,US,Ads
U0904,2025-02-28,Web,US,Organic
U0905,2025-03-11,Web,Canada,Organic
U0906,2025-02-02,Web,Canada,Ads
U0907,2025-02-22,iOS,US,Referral
U0908,2025-01-22,Android,Canada,Ads
U0909,2025-01-21,Android,UK,Ads
U0910,2025-03-11,Web,UK,Organic
U0911,2025-03-11,Android,US,Organic
U0912,2025-01-04,Android,UK,Referral
U0913,2025-03-16,Web,US,Organic
U0914,2025-03-03,iOS,US,Organic
U0915,2025-03-03,iOS,UK,Ads
U0916,2025-01-24,iOS,Canada,Organic
U0917,2025-02-24,Web,UK,Referral
U0918,2025-01-09,Android,UK,Ads
U0919,2025-01-03,Web,US,Referral
U0920,2025-01-31,Web,US,Ads
U0921,2025-02-09,Android,US,Organic
U0922,2025-02-05,iOS,US,Ads
U0923,2025-01-24,iOS,Canada,Ads
U0924,2025-01-06,Web,Canada,Organic
U0925,2025-03-07,iOS,Canada,Organic
U0926,2025-03-25,Web,US,Referral
U0927,2025-03-16,Web,US,Referral
U0928,2025-01-04,Android,US,Organic
U0929,2025-03-20,Android,Canada,Organic
U0930,2025-01-06,Android,US,Organic
U0931,2025-02-20,Web,UK,Ads
U0932,2025-03-03,Android,UK,Ads
U0933,2025-02-26,iOS,US,Ads
U0934,2025-03-07,iOS,UK,Organic
U0935,2025-03-20,Web,UK,Referral
U0936,2025-03-16,Web,Canada,Organic
U0937,2025-01-08,Android,US,Ads
U0938,2025-01-26,Web,US,Ads
U0939,2025-02-20,Web,Canada,Organic
U0940,2025-02-14,iOS,UK,Organic
U0941,2025-02-13,iOS,UK,Ads
U0942,2025-01-05,Android,US,Ads
U0943,2025-03-11,Web,UK,Ads
U0944,2025-01-26,Web,Canada,Organic
U0945,2025-03-09,iOS,Canada,Ads
U0946,2025-01-19,Web,US,Ads
U0947,2025-03-25,iOS,Canada,Referral
U0948,2025-01-20,Android,Canada,Organic
U0949,2025-01-12,iOS,US,Referral
U0950,2025-02-16,Web,Canada,Referral
U0951,2025-01-01,Android,Canada,Ads
U0952,2025-03-31,iOS,Canada,Organic
U0953,2025-01-14,iOS,UK,Ads
U0954,2025-03-05,Android,US,Organic
U0955,2025-02-07,Android,US,Referral
U0956,2025-02-06,iOS,US,Organic
U0957,2025-01-11,Web,UK,Ads
U0958,2025-03-18,iOS,UK,Ads
U0959,2025-01-03,Android,US,Ads
U0960,2025-02-02,iOS,UK,Organic
U0961,2025-01-06,Android,US,Referral
U0962,2025-02-19,Android,UK,Referral
U0963,2025-01-10,Web,Canada,Organic
U0964,2025-01-05,Android,Canada,Ads
U0965,2025-01-23,Android,US,Referral
U0966,2025-01-10,Web,UK,Ads
U0967,2025-02-13,Android,UK,Organic
U0968,2025-01-02,Web,Canada,Ads
U0969,2025-01-13,Web,Canada,Referral
U0970,2025-02-09,Android,UK,Referral
U0971,2025-01-02,Android,UK,Ads
U0972,2025-03-25,iOS,UK,Organic
U0973,2025-03-06,Web,UK,Ads
U0974,2025-03-04,iOS,UK,Organic
U0975,2025-03-14,Android,UK,Ads
U0976,2025-01-17,iOS,US,Referral
U0977,2025-01-09,Web,UK,Organic
U0978,2025-03-16,iOS,Canada,Organic
U0979,2025-01-15,Web,US,Organic
U0980,2025-01-24,Android,UK,Referral
U0981,2025-02-07,Android,Canada,Ads
U0982,2025-02-04,Web,US,Referral
U0983,2025-02-18,Android,Canada,Organic
U0984,2025-03-10,Android,UK,Ads
U0985,2025-03-03,Android,UK,Referral
U0986,2025-03-01,Android,UK,Organic
U0987,2025-02-19,Web,UK,Organic
U0988,2025-03-19,iOS,US,Referral
U0989,2025-03-16,iOS,US,Referral
U0990,2025-01-09,Android,Canada,Referral
U0991,2025-02-03,iOS,UK,Organic
U0992,2025-03-17,iOS,Canada,Referral
U0993,2025-02-04,Android,US,Organic
U0994,2025-01-01,Android,UK,Referral
U0995,2025-02-09,iOS,UK,Organic
U0996,2025-03-05,Web,US,Organic
U0997,2025-01-22,Android,US,Ads
U0998,2025-03-01,Web,US,Referral
U0999,2025-03-05,iOS,US,Referral
U1000,2025-03-13,Android,US,Organic
